,2/8/2016,2/8/2016,
yolo,2/8/2016,2/8/2016,on va faire du yolo swag
yolo,2/8/2016,2/8/2016,on va faire du yolo swag
soiré frite,20/2/2017,20/2/2017,on va faire une frite chez momo
yolo,2/8/2016,2/8/2016,on va faire du yolo swag
yolo,2/8/2016,2/8/2016,on va faire du yolo swag
soiré frite,20/2/2017,20/2/2017,on va faire une frite chez momo
yolo,2/8/2016,2/8/2016,on va faire du yolo swag
yolo,2/8/2016,2/8/2016,on va faire du yolo swag
soiré frite,20/2/2017,20/2/2017,on va faire une frite chez momo
yolo,2/8/2016,2/8/2016,on va faire du yolo swag
yolo,2/8/2016,2/8/2016,on va faire du yolo swag
soiré frite,20/2/2017,20/2/2017,on va faire une frite chez momo
yolo,2/8/2016,2/8/2016,on va faire du yolo swag
yolo,2/8/2016,2/8/2016,on va faire du yolo swag
soiré frite,20/2/2017,20/2/2017,on va faire une frite chez momo
yolo,2/8/2016,2/8/2016,on va faire du yolo swag
yolo,2/8/2016,2/8/2016,on va faire du yolo swag
soiré frite,20/2/2017,20/2/2017,on va faire une frite chez momo
yolo,2/8/2016,2/8/2016,on va faire du yolo swag
yolo,2/8/2016,2/8/2016,on va faire du yolo swag
soiré frite,20/2/2017,20/2/2017,on va faire une frite chez momo
yolo,2/8/2016,2/8/2016,on va faire du yolo swag
soiré frite,20/2/2017,20/2/2017,on va faire une frite chez momo
sondage,2/8/2016,2/8/2016,
yolo,2/8/2016,2/8/2016,on va faire du yolo swag
yolo,2/8/2016,2/8/2016,on va faire du yolo swag
soiré frite,20/2/2017,20/2/2017,on va faire une frite chez momo
yolo,2/8/2016,2/8/2016,on va faire du yolo swag
yolo,2/8/2016,2/8/2016,on va faire du yolo swag
soiré frite,20/2/2017,20/2/2017,on va faire une frite chez momo
yolo,2/8/2016,2/8/2016,on va faire du yolo swag
yolo,2/8/2016,2/8/2016,on va faire du yolo swag
soiré frite,20/2/2017,20/2/2017,on va faire une frite chez momo
yolo,2/8/2016,2/8/2016,on va faire du yolo swag
yolo,2/8/2016,2/8/2016,on va faire du yolo swag
soiré frite,20/2/2017,20/2/2017,on va faire une frite chez momo
yolo,2/8/2016,2/8/2016,on va faire du yolo swag
soiré frite,20/2/2017,20/2/2017,on va faire une frite chez momo
bite,2/8/2016,2/8/2016,
